,mode,speedup,time,parallel_factor,sum,data_size
3,numpy,100.9032898863874,0.057388,,4999999950000000.0,100000000
4,pandas,98.23131859743168,0.058949,,4999999950000000.0,100000000
1,multiprocessing,3.7614759470697177,1.539459,4.0,4999999950000000.0,100000000
0,serial,1.0,5.790638,1.0,4999999950000000.0,100000000
2,multithreading,0.9899365826572648,5.849504,4.0,4999999950000000.0,100000000
